{"Alpha":{"0":0.8,"1":0.01,"2":1.0,"3":0.2,"4":0.5,"5":0.6,"6":0.7,"7":0.3,"8":0.4,"9":0.9,"10":0.1,"11":0.0},"Time to max":{"0":189,"1":263,"2":257,"3":283,"4":261,"5":150,"6":173,"7":286,"8":268,"9":174,"10":185,"11":331},"rank":{"0":0.7845303867,"1":0.3756906077,"2":0.408839779,"3":0.2651933702,"4":0.3867403315,"5":1.0,"6":0.8729281768,"7":0.2486187845,"8":0.3480662983,"9":0.8674033149,"10":0.8066298343,"11":0.0}}