{"Alpha":{"0":"0.0","1":"0.01","2":"0.1","3":"0.2","4":"0.3","5":"0.4","6":"0.5","7":"0.6","8":"0.7","9":"0.8","10":"0.9","11":"1.0"},"Average Recovery":{"0":12.8854878049,"1":10.7678725,"2":8.8369825,"3":12.0192725,"4":11.1867,"5":9.2857575,"6":10.5873875,"7":7.649905,"8":6.4562075,"9":5.39957,"10":7.5569225,"11":10.239797561},"rank":{"0":0.0,"1":0.2828798499,"2":0.5408161578,"3":0.115712639,"4":0.2269311324,"5":0.4808669289,"6":0.306989786,"7":0.6993909019,"8":0.858849973,"9":1.0,"10":0.7118118905,"11":0.3534222941}}